{"cameraMode":{"drawMode":0,"name":"Shaded","section":"Shading Mode"},"sceneLighting":false,"audioPlay":false,"sceneViewState":{"showFog":true,"showMaterialUpdate":false,"showSkybox":true,"showFlares":true,"showImageEffects":true,"showParticleSystems":true},"in2DMode":false,"pivot":{"x":-13.52871036529541,"y":4.409999847412109,"z":37.95519256591797},"rotation":{"x":-0.19005803763866425,"y":0.6503142714500427,"z":-0.1729242354631424,"w":-0.7151892781257629},"size":3.464397668838501,"orthographic":false}